{"PWM_AUX_REV6\u0000\u0000\u0000\u0000":0,"PWM_AUX_REV5\u0000\u0000\u0000\u0000":0,"PWM_AUX_REV4\u0000\u0000\u0000\u0000":0,"PWM_AUX_REV3\u0000\u0000\u0000\u0000":0,"PWM_AUX_REV2\u0000\u0000\u0000\u0000":0,"PWM_AUX_REV1\u0000\u0000\u0000\u0000":0,"ATT_BIAS_MAX\u0000\u0000\u0000\u0000":0.05000000074505806,"ATT_ACC_COMP\u0000\u0000\u0000\u0000":1,"ATT_MAG_DECL_A\u0000\u0000":0,"ATT_MAG_DECL\u0000\u0000\u0000\u0000":1,"ATT_W_GYRO_BIAS\u0000":0.10000000149011612,"ATT_W_MAG\u0000\u0000\u0000\u0000\u0000\u0000\u0000":0.10000000149011612,"ATT_W_ACC\u0000\u0000\u0000\u0000\u0000\u0000\u0000":0.20000000298023224,"COM_RC_IN_MODE\u0000\u0000":1,"COM_AUTOS_PAR\u0000\u0000\u0000":0,"COM_HOME_V_T\u0000\u0000\u0000\u0000":10,"COM_HOME_H_T\u0000\u0000\u0000\u0000":5,"COM_RC_LOSS_T\u0000\u0000\u0000":0.5,"COM_EF_TIME\u0000\u0000\u0000\u0000\u0000":10,"COM_EF_C2T\u0000\u0000\u0000\u0000\u0000\u0000":5,"COM_EF_THROT\u0000\u0000\u0000\u0000":0.5,"COM_DL_REG_T\u0000\u0000\u0000\u0000":0,"COM_DL_LOSS_T\u0000\u0000\u0000":0,"COM_DL_LOSS_EN\u0000\u0000":0,"BAT_CAPACITY\u0000\u0000\u0000\u0000":-1,"BAT_N_CELLS\u0000\u0000\u0000\u0000\u0000":0,"BAT_V_LOAD_DROP\u0000":0.07000000029802322,"BAT_V_CHARGED\u0000\u0000\u0000":4.199999809265137,"BAT_V_EMPTY\u0000\u0000\u0000\u0000\u0000":3.4000000953674316,"LNDMC_THR_MAX\u0000\u0000\u0000":0.15000000596046448,"LNDMC_ROT_MAX\u0000\u0000\u0000":20,"LNDMC_XY_VEL_MAX":1.5,"LNDMC_Z_VEL_MAX\u0000":0.699999988079071,"MAV_TEST_PAR\u0000\u0000\u0000\u0000":1,"MAV_FWDEXTSP\u0000\u0000\u0000\u0000":0,"MAV_USEHILGPS\u0000\u0000\u0000":0,"MAV_TYPE\u0000\u0000\u0000\u0000\u0000\u0000\u0000\u0000":0,"MAV_RADIO_ID\u0000\u0000\u0000\u0000":0,"MAV_COMP_ID\u0000\u0000\u0000\u0000\u0000":0,"MAV_SYS_ID\u0000\u0000\u0000\u0000\u0000\u0000":0,"MC_ACRO_Y_MAX\u0000\u0000\u0000":120,"MC_ACRO_P_MAX\u0000\u0000\u0000":92,"MC_ACRO_R_MAX\u0000\u0000\u0000":90,"MC_YAWRATE_MAX\u0000\u0000":60,"MC_PITCHRATE_MAX":360,"MC_ROLLRATE_MAX\u0000":360,"MC_YAW_FF\u0000\u0000\u0000\u0000\u0000\u0000\u0000":0.5,"MC_YAWRATE_FF\u0000\u0000\u0000":0,"MC_YAWRATE_D\u0000\u0000\u0000\u0000":0,"MC_YAWRATE_I\u0000\u0000\u0000\u0000":0.10000000149011612,"MC_YAWRATE_P\u0000\u0000\u0000\u0000":0.20000000298023224,"MC_YAW_P\u0000\u0000\u0000\u0000\u0000\u0000\u0000\u0000":2.799999952316284,"MC_PITCHRATE_FF\u0000":0,"MC_PITCHRATE_D\u0000\u0000":0.003000000026077032,"MC_PITCHRATE_I\u0000\u0000":0.05000000074505806,"MC_PITCHRATE_P\u0000\u0000":0.15000000596046448,"MC_PITCH_P\u0000\u0000\u0000\u0000\u0000\u0000":6.5,"MC_ROLLRATE_FF\u0000\u0000":0,"MC_ROLLRATE_D\u0000\u0000\u0000":0.003000000026077032,"MC_ROLLRATE_I\u0000\u0000\u0000":0.05000000074505806,"MC_ROLLRATE_P\u0000\u0000\u0000":0.15000000596046448,"MC_ROLL_P\u0000\u0000\u0000\u0000\u0000\u0000\u0000":6.5,"MPC_MAN_Y_MAX\u0000\u0000\u0000":120,"MPC_MAN_P_MAX\u0000\u0000\u0000":35,"MPC_MAN_R_MAX\u0000\u0000\u0000":35,"MPC_LAND_SPEED\u0000\u0000":1,"MPC_TILTMAX_LND\u0000":15,"MPC_TILTMAX_AIR\u0000":45,"MPC_XY_FF\u0000\u0000\u0000\u0000\u0000\u0000\u0000":0.5,"MPC_XY_VEL_MAX\u0000\u0000":5,"MPC_XY_VEL_D\u0000\u0000\u0000\u0000":0.009999999776482582,"MPC_XY_VEL_I\u0000\u0000\u0000\u0000":0.019999999552965164,"MPC_XY_VEL_P\u0000\u0000\u0000\u0000":0.10000000149011612,"MPC_XY_P\u0000\u0000\u0000\u0000\u0000\u0000\u0000\u0000":1,"MPC_Z_FF\u0000\u0000\u0000\u0000\u0000\u0000\u0000\u0000":0.5,"MPC_Z_VEL_MAX\u0000\u0000\u0000":3,"MPC_Z_VEL_D\u0000\u0000\u0000\u0000\u0000":0,"MPC_Z_VEL_I\u0000\u0000\u0000\u0000\u0000":0.019999999552965164,"MPC_Z_VEL_P\u0000\u0000\u0000\u0000\u0000":0.20000000298023224,"MPC_Z_P\u0000\u0000\u0000\u0000\u0000\u0000\u0000\u0000\u0000":1,"MPC_MANTHR_MAX\u0000\u0000":0.8999999761581421,"MPC_MANTHR_MIN\u0000\u0000":0.11999999731779099,"MPC_THR_MAX\u0000\u0000\u0000\u0000\u0000":0.8999999761581421,"MPC_THR_MIN\u0000\u0000\u0000\u0000\u0000":0.11999999731779099,"NAV_AH_ALT\u0000\u0000\u0000\u0000\u0000\u0000":601,"NAV_AH_LON\u0000\u0000\u0000\u0000\u0000\u0000":0,"NAV_AH_LAT\u0000\u0000\u0000\u0000\u0000\u0000":0,"NAV_RCL_OBC\u0000\u0000\u0000\u0000\u0000":0,"NAV_DLL_OBC\u0000\u0000\u0000\u0000\u0000":0,"NAV_ACC_RAD\u0000\u0000\u0000\u0000\u0000":10,"NAV_LOITER_RAD\u0000\u0000":50,"MIS_YAWMODE\u0000\u0000\u0000\u0000\u0000":0,"MIS_ALTMODE\u0000\u0000\u0000\u0000\u0000":0,"MIS_DIST_1WP\u0000\u0000\u0000\u0000":900,"MIS_ONBOARD_EN\u0000\u0000":0,"MIS_TAKEOFF_ALT\u0000":10,"RTL_LAND_DELAY\u0000\u0000":-1,"RTL_DESCEND_ALT\u0000":30,"RTL_RETURN_ALT\u0000\u0000":60,"GF_MAX_VER_DIST\u0000":0,"GF_MAX_HOR_DIST\u0000":0,"GF_COUNT\u0000\u0000\u0000\u0000\u0000\u0000\u0000\u0000":0,"GF_SOURCE\u0000\u0000\u0000\u0000\u0000\u0000\u0000":0,"GF_ALTMODE\u0000\u0000\u0000\u0000\u0000\u0000":0,"GF_MODE\u0000\u0000\u0000\u0000\u0000\u0000\u0000\u0000\u0000":0,"NAV_DLL_CHSK\u0000\u0000\u0000\u0000":0,"NAV_DLL_N\u0000\u0000\u0000\u0000\u0000\u0000\u0000":0,"NAV_DLL_AH_T\u0000\u0000\u0000\u0000":120,"NAV_DLL_CH_ALT\u0000\u0000":600,"NAV_DLL_CH_LON\u0000\u0000":0,"NAV_DLL_CH_LAT\u0000\u0000":0,"NAV_DLL_CH_T\u0000\u0000\u0000\u0000":120,"NAV_RCL_LT\u0000\u0000\u0000\u0000\u0000\u0000":120,"NAV_GPSF_TR\u0000\u0000\u0000\u0000\u0000":0.699999988079071,"NAV_GPSF_P\u0000\u0000\u0000\u0000\u0000\u0000":0,"NAV_GPSF_R\u0000\u0000\u0000\u0000\u0000\u0000":15,"NAV_GPSF_LT\u0000\u0000\u0000\u0000\u0000":30,"INAV_ENABLED\u0000\u0000\u0000\u0000":0,"CBRK_NO_VISION\u0000\u0000":1,"INAV_DELAY_GPS\u0000\u0000":0.20000000298023224,"INAV_LAND_THR\u0000\u0000\u0000":0.20000000298023224,"INAV_LAND_DISP\u0000\u0000":0.699999988079071,"INAV_LAND_T\u0000\u0000\u0000\u0000\u0000":3,"INAV_SONAR_ERR\u0000\u0000":0.5,"INAV_SONAR_FILT\u0000":0.05000000074505806,"INAV_FLOW_Q_MIN\u0000":0.5,"INAV_FLOW_K\u0000\u0000\u0000\u0000\u0000":0.15000000596046448,"INAV_W_ACC_BIAS\u0000":0.05000000074505806,"INAV_W_GPS_FLOW\u0000":0.10000000149011612,"INAV_W_XY_RES_V\u0000":0.5,"INAV_W_XY_FLOW\u0000\u0000":5,"INAV_W_XY_VIS_V\u0000":0,"INAV_W_XY_VIS_P\u0000":7,"INAV_W_XY_GPS_V\u0000":2,"INAV_W_XY_GPS_P\u0000":1,"INAV_W_Z_SONAR\u0000\u0000":3,"INAV_W_Z_VIS_P\u0000\u0000":5,"INAV_W_Z_GPS_V\u0000\u0000":0,"INAV_W_Z_GPS_P\u0000\u0000":0.004999999888241291,"INAV_W_Z_BARO\u0000\u0000\u0000":0.5,"PWM_AUX_DISARMED":0,"PWM_AUX_MAX\u0000\u0000\u0000\u0000\u0000":0,"PWM_AUX_MIN\u0000\u0000\u0000\u0000\u0000":0,"PWM_DISARMED\u0000\u0000\u0000\u0000":0,"PWM_MAX\u0000\u0000\u0000\u0000\u0000\u0000\u0000\u0000\u0000":0,"PWM_MIN\u0000\u0000\u0000\u0000\u0000\u0000\u0000\u0000\u0000":0,"RC_OFFB_TH\u0000\u0000\u0000\u0000\u0000\u0000":0.5,"RC_ACRO_TH\u0000\u0000\u0000\u0000\u0000\u0000":0.5,"RC_LOITER_TH\u0000\u0000\u0000\u0000":0.5,"RC_RETURN_TH\u0000\u0000\u0000\u0000":0.5,"RC_POSCTL_TH\u0000\u0000\u0000\u0000":0.5,"RC_AUTO_TH\u0000\u0000\u0000\u0000\u0000\u0000":0.75,"RC_ASSIST_TH\u0000\u0000\u0000\u0000":0.25,"RC_FAILS_THR\u0000\u0000\u0000\u0000":0,"RC_MAP_PARAM3\u0000\u0000\u0000":0,"RC_MAP_PARAM2\u0000\u0000\u0000":0,"RC_MAP_PARAM1\u0000\u0000\u0000":0,"RC_MAP_AUX3\u0000\u0000\u0000\u0000\u0000":0,"RC_MAP_AUX2\u0000\u0000\u0000\u0000\u0000":0,"RC_MAP_AUX1\u0000\u0000\u0000\u0000\u0000":0,"RC_MAP_FLAPS\u0000\u0000\u0000\u0000":0,"RC_MAP_OFFB_SW\u0000\u0000":0,"RC_MAP_ACRO_SW\u0000\u0000":0,"RC_MAP_LOITER_SW":0,"RC_MAP_POSCTL_SW":0,"RC_MAP_RETURN_SW":0,"RC_MAP_MODE_SW\u0000\u0000":0,"RC_MAP_YAW\u0000\u0000\u0000\u0000\u0000\u0000":0,"RC_MAP_THROTTLE\u0000":0,"RC_MAP_FAILSAFE\u0000":0,"RC_MAP_PITCH\u0000\u0000\u0000\u0000":0,"RC_MAP_ROLL\u0000\u0000\u0000\u0000\u0000":0,"RC_TH_USER\u0000\u0000\u0000\u0000\u0000\u0000":0,"RC_CHAN_CNT\u0000\u0000\u0000\u0000\u0000":0,"BAT_C_SCALING\u0000\u0000\u0000":0.012400000356137753,"BAT_V_SCALING\u0000\u0000\u0000":0.008200000040233135,"RC18_DZ\u0000\u0000\u0000\u0000\u0000\u0000\u0000\u0000\u0000":0,"RC18_REV\u0000\u0000\u0000\u0000\u0000\u0000\u0000\u0000":1,"RC18_MAX\u0000\u0000\u0000\u0000\u0000\u0000\u0000\u0000":2000,"RC18_TRIM\u0000\u0000\u0000\u0000\u0000\u0000\u0000":1500,